{"cameraMode":{"drawMode":0,"name":"Shaded","section":"Shading Mode"},"sceneLighting":true,"audioPlay":false,"sceneViewState":{"m_AlwaysRefresh":false,"showFog":true,"showSkybox":true,"showFlares":true,"showImageEffects":true,"showParticleSystems":true,"showVisualEffectGraphs":true,"m_FxEnabled":true},"in2DMode":false,"pivot":{"x":-8.003052711486817,"y":-15.947211265563965,"z":16.799686431884767},"rotation":{"x":-0.36813902854919436,"y":0.048635706305503848,"z":-0.019290821626782419,"w":-0.9282734990119934},"size":14.361567497253418,"orthographic":false}